ID,Name,Age,Net worth,Country,Salary,Join Date,Age source,Net worth source,Country source,Salary source,Join Date source
1.0,Alice,25.0,30000.0,NZ,55000.0,2020-01-15,Observed,Observed,Observed,Observed,Observed
2.0,Bob,30.0,35000.0,NZ,60000.0,2020-02-20,Observed,Observed,Observed,Observed,Observed
4.0,Charlie,35.0,40000.0,AUS,72000.0,2019-11-21,Observed,Observed,Observed,Observed,Predicted (Linear)
5.0,David,38.0,40939.37,NZ,68000.0,2019-11-01,Observed,Predicted (Linear),Observed,Observed,Observed
,Eve,29.0,22000.0,AUS,59000.0,2019-01-13,Observed,Observed,Observed,Observed,Observed
7.0,,40.0,55000.0,NZ,65000.0,2018-05-30,Observed,Observed,Observed,Observed,Observed
8.0,Grace,22.0,28000.0,NZ,64000.0,2021-07-25,Observed,Observed,Predicted (Linear),Observed,Observed
9.0,Heidi,22,24886.98,AUS,61769.16,2021-07-25,Predicted (Linear),Predicted (Linear),Observed,Predicted (Linear),Observed
10.0,Ivan,27.0,60000.0,NZ,58000.0,2019-03-15,Observed,Observed,Observed,Observed,Observed
